Rnd,Pick,Tm,Player,Pos,Age,To,AP1,PB,St,wAV,DrAV,G,Cmp,Att,Yds,TD,Int,Rush_Att,Rush_Yds,Rush_TD,Rec,Rec_Yds,Rec_TD,Solo,Def_Int,Sk,College/Univ
1,1,JAX,Travon Walker,DE,21,2024,0,0,3,21,21,49,0,0,0,0,0,0,0,0,0,0,0,82,1,24,Georgia
1,2,DET,Aidan Hutchinson,DE,22,2024,0,1,2,20,20,39,0,0,0,0,0,0,0,0,0,0,0,82,4,28,Michigan
1,3,HOU,Derek Stingley Jr.,CB,21,2024,1,1,3,21,21,37,0,0,0,0,0,0,0,0,0,0,0,100,11,1,LSU
1,4,NYJ,Sauce Gardner,CB,22,2024,2,2,3,31,31,48,0,0,0,0,0,0,0,0,0,0,0,128,3,1,Cincinnati
1,5,NYG,Kayvon Thibodeaux,DE,21,2024,0,0,2,21,21,43,0,0,0,0,0,0,0,0,0,0,0,73,0,21,Oregon
1,6,CAR,Ikem Ekwonu,T,21,2024,0,0,3,19,19,49,0,0,0,0,0,0,0,0,0,0,0,0,0,0,North Carolina St.
1,7,NYG,Evan Neal,OL,21,2024,0,0,1,11,11,29,0,0,0,0,0,0,0,0,0,0,0,1,0,0,Alabama
1,8,ATL,Drake London,WR,21,2024,0,0,3,25,25,50,1,1,22,0,0,1,-3,0,241,3042,15,2,0,0,USC
1,9,SEA,Charles Cross,OL,21,2024,0,0,3,22,22,48,0,0,0,0,0,0,0,0,0,0,0,0,0,0,Mississippi St.
1,10,NYJ,Garrett Wilson,WR,22,2024,0,0,3,24,24,51,0,2,0,0,0,10,9,0,279,3249,14,1,0,0,Ohio St.
1,11,NOR,Chris Olave,WR,22,2024,0,0,3,20,20,39,0,0,0,0,0,1,7,0,191,2565,10,3,0,0,Ohio St.
1,12,DET,Jameson Williams,WR,21,2024,0,0,1,16,16,33,0,0,0,0,0,15,130,2,83,1396,10,0,0,0,Alabama
1,13,PHI,Jordan Davis,DT,22,2024,0,0,2,16,16,47,0,0,0,0,0,0,0,0,0,0,0,41,0,3,Georgia
1,14,BAL,Kyle Hamilton,S,21,2024,1,2,2,22,22,48,0,0,0,0,0,0,0,0,0,0,0,186,5,7,Notre Dame
1,15,HOU,Kenyon Green,OL,21,2024,0,0,2,8,8,27,0,0,0,0,0,0,0,0,0,0,0,0,0,0,Texas A&M
1,16,WAS,Jahan Dotson,WR,22,2024,0,0,2,11,8,46,0,0,0,0,0,3,6,0,103,1257,11,2,0,0,Penn St.
1,17,LAC,Zion Johnson,G,22,2024,0,0,3,20,20,49,0,0,0,0,0,0,0,0,0,0,0,0,0,0,Boston Col.
1,18,TEN,Treylon Burks,WR,22,2024,0,0,1,6,6,27,0,0,0,0,0,11,66,0,53,699,1,0,0,0,Arkansas
1,19,NOR,Trevor Penning,T,23,2024,0,0,1,12,12,40,0,0,0,0,0,0,0,0,0,0,0,0,0,0,Northern Iowa
1,20,PIT,Kenny Pickett,QB,24,2024,0,0,2,14,13,30,471,755,4765,15,14,106,306,5,0,0,0,2,0,0,Pittsburgh
1,21,KAN,Trent McDuffie,CB,21,2024,1,0,3,28,28,43,0,0,0,0,0,0,0,0,0,0,0,133,2,4,Washington
1,22,GNB,Quay Walker,LB,22,2024,0,0,3,18,18,44,0,0,0,0,0,0,0,0,0,0,0,206,1,6,Georgia
1,23,BUF,Kaiir Elam,CB,21,2024,0,0,0,6,6,29,0,0,0,0,0,0,0,0,0,0,0,56,2,0,Florida
1,24,DAL,Tyler Smith,OL,21,2024,0,2,3,25,25,47,0,0,0,0,0,0,0,0,1,0,0,1,0,0,Tulsa
1,25,BAL,Tyler Linderbaum,OL,22,2024,0,2,3,25,25,49,0,0,0,0,0,0,0,0,0,0,0,0,0,0,Iowa
1,26,NYJ,Jermaine Johnson II,LB,23,2024,0,1,1,14,14,33,0,0,0,0,0,0,0,0,0,0,0,58,1,10,Florida St.
1,27,JAX,Devin Lloyd,LB,23,2024,0,0,3,20,20,48,0,0,0,0,0,0,0,0,0,0,0,195,4,2,Utah
1,28,GNB,Devonte Wyatt,DT,24,2024,0,0,0,6,6,47,0,0,0,0,0,0,0,0,0,0,0,43,0,12,Georgia
1,29,NWE,Cole Strange,OL,24,2024,0,0,2,11,11,30,0,0,0,0,0,0,0,0,0,3,0,1,0,0,Chattanooga
1,30,KAN,George Karlaftis III,DE,21,2024,0,0,3,20,20,49,0,0,0,0,0,0,0,0,0,0,0,68,0,24,Purdue
1,31,CIN,Daxton Hill,DB,21,2024,0,0,1,9,9,37,0,0,0,0,0,0,0,0,0,0,0,103,2,2,Michigan
1,32,MIN,Lewis Cine,DB,22,2024,0,0,0,0,0,11,0,0,0,0,0,0,0,0,0,0,0,0,0,0,Georgia
2,33,TAM,Logan Hall,DE,22,2024,0,0,1,13,13,49,0,0,0,0,0,0,0,0,0,0,0,35,0,8,Houston
2,34,GNB,Christian Watson,WR,23,2024,0,0,3,16,16,38,0,0,0,0,0,15,114,2,98,1653,14,0,0,0,North Dakota St.
2,35,TEN,Roger McCreary,CB,22,2024,0,0,2,13,13,47,0,0,0,0,0,0,0,0,0,0,0,175,2,3,Auburn
2,36,NYJ,Breece Hall,RB,21,2024,0,0,2,20,20,40,0,0,0,0,0,512,2333,14,152,1292,8,1,0,0,Iowa St.
2,37,HOU,Jalen Pitre,S,23,2024,0,0,3,16,16,44,0,0,0,0,0,0,0,0,0,0,0,201,6,1,Baylor
2,38,ATL,Arnold Ebiketie,DE,23,2024,0,0,0,8,8,50,0,0,0,0,0,0,0,0,0,0,0,63,0,14,Penn St.
2,39,CHI,Kyler Gordon,CB,22,2024,0,0,2,12,12,42,0,0,0,0,0,0,0,0,0,0,0,147,5,1,Washington
2,40,SEA,Boye Mafe,DE,23,2024,0,0,1,14,14,48,0,0,0,0,0,0,0,0,0,0,0,88,0,18,Minnesota
2,41,SEA,Kenneth Walker III,RB,21,2024,0,0,3,20,20,41,0,0,0,0,0,600,2528,24,102,723,2,1,0,0,Michigan St.
2,42,MIN,Andrew Booth,CB,21,2024,0,0,0,3,2,30,0,0,0,0,0,0,0,0,0,0,0,29,0,0,Clemson
2,43,NYG,Wan'Dale Robinson,WR,21,2024,0,0,0,11,11,38,0,0,0,0,0,14,104,1,176,1451,5,0,0,0,Kentucky
2,44,HOU,John Metchie,WR,22,2024,0,0,0,3,3,29,0,0,0,0,0,1,4,0,40,412,1,1,0,0,Alabama
2,45,BAL,David Ojabo,LB,22,2024,0,0,0,2,2,18,0,0,0,0,0,0,0,0,0,0,0,11,0,4,Michigan
2,46,DET,Josh Paschal,DE,22,2024,0,0,0,9,9,36,0,0,0,0,0,0,0,0,0,0,0,42,0,5,Kentucky
2,47,WAS,Phidarian Mathis,DT,24,2024,0,0,0,2,2,23,0,0,0,0,0,0,0,0,0,0,0,10,0,0,Alabama
2,48,CHI,Jaquan Brisker,S,23,2024,0,0,2,11,11,35,0,0,0,0,0,0,0,0,0,0,0,162,3,6,Penn St.
2,49,NOR,Alontae Taylor,DB,23,2024,0,0,3,13,13,47,0,0,0,0,0,0,0,0,0,0,0,156,2,5,Tennessee
2,50,NWE,Tyquan Thornton,WR,21,2024,0,0,1,3,3,28,0,0,0,0,0,6,67,1,39,385,2,2,0,0,Baylor
2,51,PHI,Cam Jurgens,OL,23,2024,0,1,2,14,14,44,0,0,0,0,0,0,0,0,0,0,0,0,0,0,Nebraska
2,52,PIT,George Pickens,WR,21,2024,0,0,3,24,24,48,0,0,0,0,0,8,36,1,174,2841,12,1,0,0,Georgia
2,53,IND,Alec Pierce,WR,22,2024,0,0,3,15,15,49,0,0,0,0,0,0,0,0,110,1931,11,0,0,0,Cincinnati
2,54,KAN,Skyy Moore,WR,21,2024,0,0,0,4,4,36,0,0,0,0,0,6,47,0,43,494,1,1,0,0,Western Michigan
2,55,ARI,Trey McBride,TE,22,2024,0,1,3,20,20,49,0,0,0,0,0,1,2,1,221,2236,6,7,0,0,Colorado St.
2,56,DAL,Sam Williams,DE,23,2023,0,0,0,4,4,32,0,0,0,0,0,0,0,0,0,0,0,30,0,8,Mississippi
2,57,TAM,Luke Goedeke,OL,23,2024,0,0,2,17,17,41,0,0,0,0,0,0,0,0,0,0,0,1,0,0,Central Michigan
2,58,ATL,Troy Andersen,LB,23,2024,0,0,0,6,6,26,0,0,0,0,0,0,0,0,0,0,0,75,1,0,Montana St.
2,59,MIN,Ed Ingram,G,23,2024,0,0,3,16,16,48,0,0,0,0,0,0,0,0,0,0,0,1,0,0,LSU
2,60,CIN,Cam Taylor-Britt,CB,22,2024,0,0,3,14,14,39,0,0,0,0,0,0,0,0,0,0,0,139,7,0,Nebraska
2,61,SFO,Drake Jackson,OLB,21,2023,0,0,0,3,3,23,0,0,0,0,0,0,0,0,0,0,0,12,1,6,USC
2,62,KAN,Bryan Cook,S,23,2024,0,0,2,12,12,45,0,0,0,0,0,0,0,0,0,0,0,103,3,1,Cincinnati
2,63,BUF,James Cook,RB,22,2024,0,2,2,28,28,49,0,0,0,0,0,533,2638,20,97,883,7,1,0,0,Georgia
2,64,DEN,Nik Bonitto,OLB,22,2024,0,1,1,21,21,47,0,0,0,0,0,0,0,0,0,0,0,62,1,23,Oklahoma
3,65,JAX,Luke Fortner,G,24,2024,0,0,2,17,17,51,0,0,0,0,0,0,0,0,0,0,0,0,0,0,Kentucky
3,66,MIN,Brian Asamoah,LB,22,2024,0,0,0,3,3,46,0,0,0,0,0,0,0,0,0,0,0,17,0,0,Oklahoma
3,67,NYG,Joshua Ezeudu,OL,22,2024,0,0,0,5,5,33,0,0,0,0,0,0,0,0,0,0,0,0,0,0,North Carolina
3,68,CLE,Martin Emerson,CB,21,2024,0,0,2,13,13,50,0,0,0,0,0,0,0,0,0,0,0,158,4,1,Mississippi St.
3,69,TEN,Nicholas Petit-Frere,T,22,2024,0,0,1,11,11,34,0,0,0,0,0,0,0,0,0,0,0,1,0,0,Ohio St.
3,70,JAX,Chad Muma,LB,23,2024,0,0,0,6,6,50,0,0,0,0,0,0,0,0,0,0,0,48,0,1,Wyoming
3,71,CHI,Velus Jones Jr.,WR,25,2024,0,0,0,3,3,29,0,0,0,0,0,20,165,1,12,135,1,1,0,0,Tennessee
3,72,SEA,Abraham Lucas,OL,23,2024,0,0,1,15,15,29,0,0,0,0,0,0,0,0,0,0,0,1,0,0,Washington St.
3,73,IND,Jelani Woods,TE,23,2022,0,0,0,2,2,15,0,0,0,0,0,0,0,0,25,312,3,1,0,0,Virginia
3,74,ATL,Desmond Ridder,QB,23,2024,0,0,1,13,12,25,374,588,4002,16,14,78,293,5,1,-6,0,0,0,0,Cincinnati
3,75,HOU,Christian Harris,LB,21,2024,0,0,2,13,13,31,0,0,0,0,0,0,0,0,0,0,0,124,1,4,Alabama
3,76,BAL,Travis Jones,DT,22,2024,0,0,1,9,9,49,0,0,0,0,0,0,0,0,0,0,0,56,0,3,Connecticut
3,77,IND,Bernhard Raimann,OL,24,2024,0,0,3,17,17,45,0,0,0,0,0,0,0,0,0,0,0,0,0,0,Central Michigan
3,78,CLE,Alex Wright,DE,22,2024,0,0,0,6,6,37,0,0,0,0,0,0,0,0,0,0,0,34,0,6,Ala-Birmingham
3,79,LAC,JT Woods,S,22,2023,0,0,0,1,1,13,0,0,0,0,0,0,0,0,0,0,0,7,0,0,Baylor
3,80,DEN,Greg Dulcich,TE,22,2024,0,0,0,3,3,21,0,0,0,0,0,0,0,0,41,464,2,0,0,0,UCLA
3,81,NYG,Cordale Flott,CB,21,2024,0,0,1,9,9,39,0,0,0,0,0,0,0,0,0,0,0,76,2,0,LSU
3,82,ATL,DeAngelo Malone,DE,23,2024,0,0,0,3,3,49,0,0,0,0,0,0,0,0,0,0,0,30,0,3,Western Kentucky
3,83,PHI,Nakobe Dean,LB,21,2024,0,0,1,10,10,37,0,0,0,0,0,0,0,0,0,0,0,111,1,3,Georgia
3,84,PIT,DeMarvin Leal,DT,22,2024,0,0,0,4,4,28,0,0,0,0,0,0,0,0,0,0,0,20,0,1,Texas A&M
3,85,NWE,Marcus Jones,CB,23,2024,1,0,1,14,14,31,0,0,0,0,0,1,5,0,5,96,1,86,3,0,Houston
3,86,TEN,Malik Willis,QB,23,2024,0,0,0,4,1,18,75,120,900,3,3,52,282,2,0,0,0,1,0,0,Liberty
3,87,ARI,Cameron Thomas,DE,22,2024,0,0,0,3,3,41,0,0,0,0,0,0,0,0,0,0,0,26,0,4,San Diego St.
3,88,DAL,Jalen Tolbert,WR,23,2024,0,0,1,7,7,42,0,0,0,0,0,0,0,0,73,890,9,4,0,0,South Alabama
3,89,BUF,Terrel Bernard,LB,23,2024,0,0,2,19,19,46,0,0,0,0,0,0,0,0,0,0,0,150,5,7,Baylor
3,90,LVR,Dylan Parham,OL,23,2024,0,0,3,16,16,49,0,0,0,0,0,0,0,0,0,0,0,1,0,0,Memphis
3,91,TAM,Rachaad White,RB,23,2024,0,0,2,21,21,50,0,0,0,0,0,545,2084,10,165,1232,11,4,0,0,Arizona St.
3,92,GNB,Sean Rhyan,OL,21,2024,0,0,1,10,10,30,0,0,0,0,0,0,0,0,0,0,0,0,0,0,UCLA
3,93,SFO,Tyrion Davis-Price,RB,21,2024,0,0,0,1,1,8,0,0,0,0,0,43,127,0,0,0,0,0,0,0,LSU
3,94,CAR,Matt Corral,QB,23,0,0,0,0,0,0,0,0,0,0,0,0,0,0,0,0,0,0,0,0,0,Mississippi
3,95,CIN,Zachary Carter,DE,23,2024,0,0,1,10,9,45,0,0,0,0,0,0,0,0,0,0,0,28,0,2,Florida
3,96,IND,Nick Cross,DB,20,2024,0,0,1,10,10,50,0,0,0,0,0,0,0,0,0,0,0,122,4,1,Maryland
3,97,DET,Kerby Joseph,DB,21,2024,1,0,3,23,23,49,0,0,0,0,0,0,0,0,0,0,0,182,17,0,Illinois
3,98,WAS,Brian Robinson Jr.,RB,23,2024,0,0,3,16,16,41,0,0,0,0,0,570,2329,15,65,587,5,1,0,0,Alabama
3,99,CLE,David Bell,WR,21,2024,0,0,0,3,3,32,0,0,0,0,0,0,0,0,41,408,3,1,0,0,Purdue
3,100,ARI,Myjai Sanders,DE,24,2023,0,0,0,3,2,20,0,0,0,0,0,0,0,0,0,0,0,21,0,3,Cincinnati
3,101,NYJ,Jeremy Ruckert,TE,22,2024,0,0,1,2,2,41,0,0,0,0,0,0,0,0,35,264,0,3,0,0,Ohio St.
3,102,MIA,Channing Tindall,LB,22,2024,0,0,0,3,3,44,0,0,0,0,0,0,0,0,0,0,0,8,0,0,Georgia
3,103,KAN,Leo Chenal,LB,21,2024,0,0,2,14,14,51,0,0,0,0,0,0,0,0,0,0,0,99,0,5,Wisconsin
3,104,LAR,Logan Bruss,OL,23,2024,0,0,0,2,2,11,0,0,0,0,0,0,0,0,0,0,0,0,0,0,Wisconsin
3,105,SFO,Danny Gray,WR,23,2022,0,0,0,0,0,13,0,0,0,0,0,1,9,0,1,10,0,0,0,0,SMU
4,106,TAM,Cade Otton,TE,23,2024,0,0,3,13,13,47,0,0,0,0,0,1,-4,0,148,1446,10,5,0,0,Washington
4,107,HOU,Dameon Pierce,RB,22,2024,0,0,1,12,12,38,0,0,0,0,0,405,1648,8,45,268,1,1,0,0,Florida
4,108,CLE,Perrion Winfrey,DT,22,2023,0,0,0,1,1,14,0,0,0,0,0,0,0,0,0,0,0,9,0,0,Oklahoma
4,109,SEA,Coby Bryant,CB,23,2024,0,0,0,8,8,43,0,0,0,0,0,0,0,0,0,0,0,114,3,2,Cincinnati
4,110,BAL,Daniel Faalele,T,22,2024,0,0,1,12,12,49,0,0,0,0,0,0,0,0,0,0,0,0,0,0,Minnesota
4,111,NYJ,Max Mitchell,T,22,2024,0,0,0,5,5,30,0,0,0,0,0,0,0,0,0,0,0,0,0,0,Louisiana
4,112,NYG,Daniel Bellinger,TE,21,2024,0,0,2,6,6,46,0,0,0,0,0,1,2,1,69,648,2,2,0,0,San Diego St.
4,113,WAS,Percy Butler,S,22,2024,0,0,1,6,6,47,0,0,0,0,0,0,0,0,0,0,0,73,0,0,Louisiana
4,114,NYG,Dane Belton,DB,21,2024,0,0,0,8,8,49,0,0,0,0,0,1,10,0,0,0,0,74,5,2,Iowa
4,115,DEN,Damarri Mathis,DB,23,2024,0,0,1,7,7,43,0,0,0,0,0,0,0,0,0,0,0,81,0,0,Pittsburgh
4,116,DEN,Eyioma Uwazurike,DE,24,2024,0,0,0,1,1,12,0,0,0,0,0,0,0,0,0,0,0,14,0,0,Iowa St.
4,117,NYJ,Micheal Clemons,DT,25,2024,0,0,1,10,10,49,0,0,0,0,0,0,0,0,0,0,0,54,0,7,Texas A&M
4,118,MIN,Akayleb Evans,DB,23,2024,0,0,1,6,6,34,0,0,0,0,0,0,0,0,0,0,0,72,1,0,Missouri
4,119,BAL,Jalyn Armour-Davis,DB,23,2024,0,0,0,2,2,19,0,0,0,0,0,0,0,0,0,0,0,12,0,0,Alabama
4,120,CAR,Brandon Smith,LB,21,2023,0,0,0,1,1,14,0,0,0,0,0,0,0,0,0,0,0,6,0,0,Penn St.
4,121,NWE,Jack Jones,DB,24,2024,0,0,1,10,2,42,0,0,0,0,0,0,0,0,0,0,0,105,7,0,Arizona St.
4,122,LVR,Zamir White,RB,22,2024,0,0,0,5,5,39,0,0,0,0,0,186,704,2,21,128,0,1,0,0,Georgia
4,123,LAC,Isaiah Spiller,RB,21,2023,0,0,0,1,1,15,0,0,0,0,0,55,137,0,9,47,0,0,0,0,Texas A&M
4,124,CLE,Cade York,K,21,2024,0,0,1,1,1,23,0,0,0,0,0,0,0,0,0,0,0,1,0,0,LSU
4,125,MIA,Erik Ezukanma,WR,22,2024,0,0,0,0,0,5,0,0,0,0,0,5,22,0,1,3,0,0,0,0,Texas Tech
4,126,LVR,Neil Farrell,DT,23,2024,0,0,0,2,1,19,0,0,0,0,0,0,0,0,0,0,0,5,0,0,LSU
4,127,NWE,Pierre Strong,RB,23,2024,0,0,0,4,1,46,0,0,0,0,0,99,499,2,26,193,0,14,0,0,South Dakota St.
4,128,BAL,Charlie Kolar,TE,23,2024,0,0,0,2,2,30,0,0,0,0,0,1,2,0,20,267,2,5,0,0,Iowa St.
4,129,DAL,Jake Ferguson,TE,23,2024,0,1,2,15,15,47,0,0,0,0,0,0,0,0,149,1429,7,1,0,0,Wisconsin
4,130,BAL,Jordan Stout,P,24,2024,0,0,2,6,6,51,0,0,0,0,0,0,0,0,0,0,0,2,0,0,Penn St.
4,131,TEN,Hassan Haskins,RB,22,2024,0,0,0,2,1,32,0,0,0,0,0,59,182,2,14,106,1,11,0,0,Michigan
4,132,GNB,Romeo Doubs,WR,22,2024,0,0,2,16,16,43,0,0,0,0,0,1,11,0,147,1700,15,0,0,0,Nevada
4,133,TAM,Jake Camarda,P,23,2024,0,0,2,8,8,38,0,0,0,0,0,0,0,0,0,0,0,6,0,0,Georgia
4,134,SFO,Spencer Burford,OL,22,2024,0,0,2,14,14,45,0,0,0,0,0,0,0,0,0,0,0,1,0,0,Texas-San Antonio
4,135,KAN,Joshua Williams,CB,22,2024,0,0,0,5,5,50,0,0,0,0,0,0,0,0,0,0,0,62,1,1,Fayetteville St.
4,136,CIN,Cordell Volson,T,24,2024,0,0,3,22,22,50,0,0,0,0,0,0,0,0,0,0,0,0,0,0,North Dakota St.
4,137,NWE,Bailey Zappe,QB,23,2024,0,0,0,2,2,15,208,335,2223,12,14,29,85,1,1,-6,0,0,0,0,Western Kentucky
4,138,PIT,Calvin Austin III,WR,23,2024,0,0,0,8,8,34,0,0,0,0,0,11,57,1,53,728,5,0,0,0,Memphis
4,139,BAL,Isaiah Likely,TE,22,2024,0,0,1,12,12,49,0,0,0,0,0,0,0,0,108,1261,14,4,0,0,Coastal Carolina
4,140,GNB,Zach Tom,OL,23,2024,0,0,2,20,20,43,0,0,0,0,0,0,0,0,0,0,0,1,0,0,Wake Forest
4,141,BAL,Damarion Williams,CB,24,2023,0,0,0,1,1,15,0,0,0,0,0,0,0,0,0,0,0,15,0,0,Houston
4,142,LAR,Cobie Durant,DB,24,2024,0,0,2,10,10,44,0,0,0,0,0,0,0,0,0,0,0,66,4,2,South Carolina St.
4,143,TEN,Chigoziem Okonkwo,TE,22,2024,0,0,1,12,12,51,0,0,0,0,0,6,25,0,138,1457,6,8,0,0,Maryland
5,144,WAS,Sam Howell,QB,21,2024,0,0,1,12,12,20,404,645,4139,22,23,54,300,6,1,4,0,0,0,0,North Carolina
5,145,KAN,Darian Kinnard,T,22,2024,0,0,0,0,0,3,0,0,0,0,0,0,0,0,0,0,0,0,0,0,Kentucky
5,146,NYG,Micah McFadden,LB,22,2024,0,0,2,18,18,47,0,0,0,0,0,0,0,0,0,0,0,159,1,6,Indiana
5,147,NYG,D.J. Davidson,DT,22,2024,0,0,0,4,4,32,0,0,0,0,0,0,0,0,0,0,0,20,0,2,Arizona St.
5,148,BUF,Khalil Shakir,WR,22,2024,0,0,2,18,18,46,0,0,0,0,0,3,14,0,125,1593,7,1,0,0,Boise St.
5,149,WAS,Cole Turner,TE,22,2023,0,0,0,1,1,22,0,0,0,0,0,0,0,0,13,143,0,1,0,0,Nevada
5,150,HOU,Thomas Booker,DE,22,2024,0,0,0,3,1,27,0,0,0,0,0,0,0,0,0,0,0,19,0,1,Stanford
5,151,ATL,Tyler Allgeier,RB,22,2024,0,0,0,16,16,50,0,0,0,0,0,533,2362,10,47,420,2,4,0,0,BYU
5,152,DEN,Delarrin Turner-Yell,S,22,2023,0,0,0,2,2,30,0,0,0,0,0,0,0,0,0,0,0,32,0,0,Oklahoma
5,153,SEA,Riq Woolen,CB,23,2024,0,1,3,19,19,48,0,0,0,0,0,0,0,0,0,0,0,120,11,0,Texas-San Antonio
5,154,JAX,Snoop Conner,RB,22,2022,0,0,0,0,0,8,0,0,0,0,0,12,42,1,0,0,0,1,0,0,Mississippi
5,155,DAL,Matt Waletzko,OL,22,2024,0,0,0,0,0,11,0,0,0,0,0,0,0,0,0,0,0,0,0,0,North Dakota
5,156,CLE,Jerome Ford,RB,22,2024,0,0,1,10,10,44,0,0,0,0,0,316,1390,7,81,544,5,1,0,0,Cincinnati
5,157,TAM,Zyon McCollum,DB,23,2024,0,0,2,13,13,47,0,0,0,0,0,0,0,0,0,0,0,122,2,0,Sam Houston St.
5,158,SEA,Tyreke Smith,DE,22,2023,0,0,0,0,0,3,0,0,0,0,0,0,0,0,0,0,0,0,0,0,Ohio St.
5,159,IND,Eric Johnson,DT,24,2024,0,0,0,3,2,39,0,0,0,0,0,0,0,0,0,0,0,9,0,1,Missouri State
5,160,LAC,Otito Ogbonnia,DT,22,2024,0,0,1,11,11,32,0,0,0,0,0,0,0,0,0,0,0,37,0,0,UCLA
5,161,NOR,D'Marco Jackson,LB,24,2024,0,0,0,3,3,27,0,0,0,0,0,0,0,0,0,0,0,11,0,0,Appalachian St.
5,162,DEN,Montrell Washington,WR,23,2024,0,0,0,0,0,22,0,0,0,0,0,5,30,0,4,2,0,0,0,0,Samford
5,163,TEN,Kyle Philips,WR,23,2023,0,0,0,3,3,13,0,0,0,0,0,0,0,0,23,259,0,0,0,0,UCLA
5,164,LAR,Kyren Williams,RB,22,2024,0,1,2,20,20,38,0,0,0,0,0,579,2582,26,75,464,5,2,0,0,Notre Dame
5,165,MIN,Esezi Otomewo,DT,23,2024,0,0,0,1,0,9,0,0,0,0,0,0,0,0,0,0,0,3,0,0,Minnesota
5,166,CIN,Tycen Anderson,S,23,2024,0,0,0,1,1,24,0,0,0,0,0,0,0,0,0,0,0,15,0,0,Toledo
5,167,DAL,DaRon Bland,DB,23,2024,1,1,1,19,19,41,0,0,0,0,0,0,0,0,0,0,0,120,14,0,Fresno St.
5,168,CHI,Braxton Jones,OL,23,2024,0,0,3,16,16,40,0,0,0,0,0,0,0,0,0,0,0,1,0,0,Southern Utah
5,169,MIN,Ty Chandler,RB,24,2024,0,0,0,6,6,37,0,0,0,0,0,164,663,3,27,201,0,3,0,0,North Carolina
5,170,HOU,Teagan Quitoriano,TE,22,2024,0,0,0,1,1,23,0,0,0,0,0,0,0,0,9,146,2,2,0,0,Oregon St.
5,171,DEN,Luke Wattenberg,OL,24,2024,0,0,1,7,7,36,0,0,0,0,0,0,0,0,0,0,0,0,0,0,Washington
5,172,SFO,Samuel Womack,CB,23,2024,0,0,0,6,2,40,0,0,0,0,0,0,0,0,0,0,0,45,3,0,Toledo
5,173,NYG,Marcus McKethan,OL,23,2023,0,0,0,2,2,16,0,0,0,0,0,0,0,0,0,0,0,0,0,0,North Carolina
5,174,CHI,Dominique Robinson,DE,24,2024,0,0,0,5,5,34,0,0,0,0,0,0,0,0,0,0,0,28,0,2,Miami (OH)
5,175,LVR,Matthew Butler,DT,23,2024,0,0,0,1,1,15,0,0,0,0,0,0,0,0,0,0,0,5,0,0,Tennessee
5,176,DAL,Damone Clark,LB,22,2024,0,0,1,13,13,41,0,0,0,0,0,0,0,0,0,0,0,115,0,0,LSU
5,177,DET,James Mitchell,TE,23,2024,0,0,0,1,1,30,0,0,0,0,0,0,0,0,13,141,1,0,0,0,Virginia Tech
5,178,DAL,John Ridgeway,DT,23,2024,0,0,0,6,0,45,0,0,0,0,0,0,0,0,0,0,0,33,0,0,Arkansas
5,179,GNB,Kingsley Enagbare,DE,22,2024,0,0,0,11,11,51,0,0,0,0,0,0,0,0,0,0,0,63,0,9,South Carolina
6,180,BUF,Matt Araiza,P,22,2024,0,0,0,3,0,17,0,0,0,0,0,0,0,0,0,0,0,2,0,0,San Diego St.
6,181,PHI,Kyron Johnson,DE,24,2023,0,0,0,1,1,22,0,0,0,0,0,0,0,0,0,0,0,6,0,0,Kansas
6,182,NYG,Darrian Beavers,LB,23,2023,0,0,0,0,0,2,0,0,0,0,0,0,0,0,0,0,0,0,0,0,Cincinnati
6,183,NWE,Kevin Harris,RB,21,2023,0,0,0,1,1,9,0,0,0,0,0,34,117,2,3,58,0,0,0,0,South Carolina
6,184,MIN,Vederian Lowe,OL,23,2024,0,0,1,8,0,29,0,0,0,0,0,0,0,0,1,4,1,0,0,0,Illinois
6,185,BUF,Christian Benford,DB,21,2024,0,0,2,13,13,39,0,0,0,0,0,0,0,0,0,0,0,110,5,1,Villanova
6,186,CHI,Zachary Thomas,OL,24,2024,0,0,0,0,0,17,0,0,0,0,0,0,0,0,0,0,0,0,0,0,San Diego St.
6,187,SFO,Nick Zakelj,OL,23,2024,0,0,0,2,2,26,0,0,0,0,0,0,0,0,0,0,0,0,0,0,Fordham
6,188,DET,Malcolm Rodriguez,LB,23,2024,0,0,1,11,11,43,0,0,0,0,0,0,0,0,1,6,0,102,0,3,Oklahoma St.
6,189,CAR,Amare Barno,DE,23,2024,0,0,0,2,2,29,0,0,0,0,0,0,0,0,0,0,0,25,0,3,Virginia Tech
6,190,ATL,Justin Shaffer,OL,24,0,0,0,0,0,0,0,0,0,0,0,0,0,0,0,0,0,0,0,0,0,Georgia
6,191,MIN,Jalen Nailor,WR,23,2024,0,0,0,5,5,38,0,0,0,0,0,3,-4,0,40,622,7,4,0,0,Michigan St.
6,192,IND,Andrew Ogletree,TE,24,2024,0,0,1,2,2,29,0,0,0,0,0,0,0,0,18,256,3,4,0,0,Youngstown St.
6,193,DAL,Devin Harper,LB,24,2023,0,0,0,0,0,12,0,0,0,0,0,0,0,0,0,0,0,4,0,0,Oklahoma St.
6,194,NOR,Jordan Jackson,DT,24,2024,0,0,0,1,0,17,0,0,0,0,0,0,0,0,0,0,0,4,0,1,Air Force
6,195,LAC,Jamaree Salyer,OL,22,2024,0,0,2,16,16,51,0,0,0,0,0,0,0,0,0,0,0,0,0,0,Georgia
6,196,BAL,Tyler Badie,RB,22,2024,0,0,0,1,0,4,0,0,0,0,0,12,86,0,4,22,1,0,0,0,Missouri
6,197,JAX,Gregory Junior,CB,23,2023,0,0,0,1,1,10,0,0,0,0,0,0,0,0,0,0,0,11,0,0,Ouachita Baptist
6,198,PHI,Grant Calcaterra,TE,23,2024,0,0,1,4,4,47,0,0,0,0,0,0,0,0,33,418,1,0,0,0,SMU
6,199,CAR,Cade Mays,OL,23,2024,0,0,0,6,6,38,0,0,0,0,0,0,0,0,0,0,0,0,0,0,Tennessee
6,200,NWE,Sam Roberts,DE,24,2024,0,0,0,1,1,15,0,0,0,0,0,0,0,0,0,0,0,3,0,0,NW Missouri St.
6,201,ARI,Keaontay Ingram,RB,22,2024,0,0,0,2,2,21,0,0,0,0,0,62,134,1,8,47,0,1,0,0,USC
6,202,CLE,Michael Woods II,WR,22,2024,0,0,0,0,0,15,0,0,0,0,0,1,-5,0,12,110,0,1,0,0,Oklahoma
6,203,CHI,Trestan Ebner,RB,23,2022,0,0,0,0,0,17,0,0,0,0,0,24,54,0,2,8,0,3,0,0,Baylor
6,204,TEN,Theo Jackson,DB,23,2024,0,0,0,3,0,43,0,0,0,0,0,0,0,0,0,0,0,29,2,0,Tennessee
6,205,HOU,Austin Deculus,T,23,2024,0,0,0,1,1,13,0,0,0,0,0,0,0,0,0,0,0,0,0,0,LSU
6,206,DEN,Matt Henningsen,DE,23,2023,0,0,0,2,2,34,0,0,0,0,0,0,0,0,0,0,0,18,0,1,Wisconsin
6,207,CHI,Doug Kramer,OL,24,2024,0,0,0,1,1,18,0,0,0,0,0,0,0,0,0,0,0,0,0,0,Illinois
6,208,PIT,Connor Heyward,TE,23,2024,0,0,0,2,2,51,0,1,0,0,0,3,27,0,41,358,2,10,0,0,Michigan St.
6,209,BUF,Luke Tenuta,OL,23,2022,0,0,0,0,0,3,0,0,0,0,0,0,0,0,0,0,0,0,0,0,Virginia Tech
6,210,NWE,Chasen Hines,G,22,0,0,0,0,0,0,0,0,0,0,0,0,0,0,0,0,0,0,0,0,0,LSU
6,211,LAR,Quentin Lake,DB,23,2024,0,0,1,7,7,40,0,0,0,0,0,0,0,0,0,0,0,123,0,3,UCLA
6,212,LAR,Derion Kendrick,DB,22,2023,0,0,1,6,6,32,0,0,0,0,0,0,0,0,0,0,0,77,1,0,Georgia
6,213,ATL,John FitzPatrick,TE,22,2024,0,0,0,0,0,18,0,0,0,0,0,0,0,0,2,14,0,3,0,0,Georgia
6,214,LAC,Ja'Sir Taylor,DB,23,2024,0,0,0,7,7,48,0,0,0,0,0,0,0,0,0,0,0,50,1,0,Wake Forest
6,215,ARI,Lecitus Smith,OL,24,2024,0,0,0,2,1,18,0,0,0,0,0,0,0,0,0,0,0,0,0,0,Virginia Tech
6,216,IND,Curtis Brooks,DT,24,0,0,0,0,0,0,0,0,0,0,0,0,0,0,0,0,0,0,0,0,0,Cincinnati
6,217,DET,James Houston,LB,23,2024,0,0,0,3,3,20,0,0,0,0,0,0,0,0,0,0,0,17,0,9,Jackson St.
6,218,TAM,Ko Kieft,TE,24,2024,0,0,1,1,1,50,0,0,0,0,0,0,0,0,8,82,2,14,0,0,Minnesota
6,219,TEN,Chance Campbell,LB,22,2023,0,0,0,0,0,4,0,0,0,0,0,0,0,0,0,0,0,1,0,0,Mississippi
6,220,SFO,Kalia Davis,DT,23,2024,0,0,0,1,1,16,0,0,0,0,0,0,0,0,0,0,0,7,1,1,Central Florida
6,221,SFO,Tariq Castro-Fields,CB,23,2024,0,0,0,1,0,12,0,0,0,0,0,0,0,0,0,0,0,3,0,0,Penn St.
7,222,JAX,Montaric Brown,DB,23,2024,0,0,0,7,7,37,0,0,0,0,0,0,0,0,0,0,0,84,1,0,Arkansas
7,223,CLE,Isaiah Thomas,DE,23,2024,0,0,0,1,1,12,0,0,0,0,0,0,0,0,0,0,0,4,0,1,Oklahoma
7,224,MIA,Cameron Goode,OLB,24,2024,0,0,0,1,1,20,0,0,0,0,0,0,0,0,0,0,0,3,0,0,California
7,225,PIT,Mark Robinson,LB,23,2024,0,0,0,4,4,38,0,0,0,0,0,0,0,0,0,0,0,31,0,1,Mississippi
7,226,CHI,Ja'Tyre Carter,OL,23,2023,0,0,0,2,2,13,0,0,0,0,0,0,0,0,0,0,0,0,0,0,Southern
7,227,MIN,Nick Muse,TE,23,2024,0,0,0,0,0,16,0,0,0,0,0,0,0,0,1,22,0,0,0,0,South Carolina
7,228,GNB,Tariq Carpenter,DB,23,2023,0,0,0,1,1,17,0,0,0,0,0,0,0,0,0,0,0,7,0,0,Georgia Tech
7,229,SEA,Bo Melton,WR,23,2024,0,0,0,3,0,22,0,0,0,0,0,11,75,0,24,309,1,2,0,0,Rutgers
7,230,WAS,Chris Paul,OL,23,2024,0,0,0,4,4,17,0,0,0,0,0,0,0,0,0,0,0,0,0,0,Tulsa
7,231,BUF,Baylon Spector,LB,23,2024,0,0,0,5,5,26,0,0,0,0,0,0,0,0,0,0,0,30,0,1,Clemson
7,232,DEN,Faion Hicks,CB,24,2024,0,0,0,0,0,4,0,0,0,0,0,0,0,0,0,0,0,1,0,0,Wisconsin
7,233,SEA,Dareke Young,WR,23,2024,0,0,0,0,0,33,0,0,0,0,0,0,0,0,2,24,0,12,0,0,Lenoir-Rhyne
7,234,GNB,Jonathan Ford,DT,22,2024,0,0,0,0,0,4,0,0,0,0,0,0,0,0,0,0,0,3,0,0,Miami (FL)
7,235,LAR,Daniel Hardy,LB,23,2024,0,0,0,1,0,23,0,0,0,0,0,0,0,0,0,0,0,7,0,0,Montana St.
7,236,LAC,Deane Leonard,DB,22,2024,0,0,0,3,3,38,0,0,0,0,0,0,0,0,0,0,0,32,0,0,Mississippi
7,237,DET,Chase Lucas,DB,25,2023,0,0,0,1,1,18,0,0,0,0,0,0,0,0,0,0,0,3,0,0,Arizona St.
7,238,LVR,Thayer Munford,OL,22,2024,0,0,1,10,10,46,0,0,0,0,0,0,0,0,0,0,0,0,0,0,Ohio St.
7,239,IND,Rodney Thomas II,LB,24,2024,0,0,2,10,10,51,0,0,0,0,0,0,0,0,0,0,0,69,6,0,Yale
7,240,WAS,Christian Holmes,CB,24,2023,0,0,0,3,3,30,0,0,0,0,0,0,0,0,0,0,0,11,0,0,Oklahoma St.
7,241,PIT,Chris Oladokun,QB,25,2024,0,0,0,0,0,1,0,0,0,0,0,1,5,0,0,0,0,0,0,0,South Dakota St.
7,242,CAR,Kalon Barnes,CB,23,2022,0,0,0,0,0,2,0,0,0,0,0,0,0,0,0,0,0,0,0,0,Baylor
7,243,KAN,Jaylen Watson,DB,23,2024,0,0,1,7,7,38,0,0,0,0,0,0,0,0,0,0,0,86,1,2,Washington St.
7,244,ARI,Christian Matthew,DB,25,2023,0,0,0,2,2,20,0,0,0,0,0,0,0,0,0,0,0,13,0,0,Valdosta St.
7,245,NWE,Andrew Stueber,OL,23,2024,0,0,0,1,0,7,0,0,0,0,0,0,0,0,0,0,0,0,0,0,Michigan
7,246,CLE,Dawson Deaton,OL,23,0,0,0,0,0,0,0,0,0,0,0,0,0,0,0,0,0,0,0,0,0,Texas Tech
7,247,MIA,Skylar Thompson,QB,25,2024,0,0,0,3,3,10,81,138,721,1,3,15,25,0,0,0,0,0,0,0,Kansas St.
7,248,TAM,Andre Anthony,DE,25,0,0,0,0,0,0,0,0,0,0,0,0,0,0,0,0,0,0,0,0,0,LSU
7,249,GNB,Rasheed Walker,OL,22,2024,0,0,2,20,20,35,0,0,0,0,0,0,0,0,0,0,0,0,0,0,Penn St.
7,250,LVR,Brittain Brown,RB,24,2022,0,0,0,0,0,6,0,0,0,0,0,0,0,0,0,0,0,0,0,0,UCLA
7,251,KAN,Isiah Pacheco,RB,23,2024,0,0,2,17,17,38,0,0,0,0,0,458,2075,13,69,453,2,2,0,0,Rutgers
7,252,CIN,Jeff Gunter,OLB,23,2022,0,0,0,1,1,10,0,0,0,0,0,0,0,0,0,0,0,0,0,0,Coastal Carolina
7,253,LAR,Russ Yeast,DB,23,2024,0,0,1,4,4,36,0,0,0,0,0,0,0,0,0,0,0,54,0,0,Kansas St.
7,254,CHI,Elijah Hicks,S,22,2024,0,0,0,7,7,44,0,0,0,0,0,0,0,0,0,0,0,59,0,0,California
7,255,CHI,Trenton Gill,P,23,2024,0,0,2,5,4,42,0,0,0,0,0,0,0,0,0,0,0,1,0,0,North Carolina St.
7,256,ARI,Jesse Luketa,LB,23,2024,0,0,0,3,3,31,0,0,0,0,0,0,0,0,0,0,0,19,0,3,Penn St.
7,257,ARI,Marquis Hayes,OL,23,0,0,0,0,0,0,0,0,0,0,0,0,0,0,0,0,0,0,0,0,0,Oklahoma
7,258,GNB,Samori Toure,WR,24,2023,0,0,0,2,2,22,0,0,0,0,0,0,0,0,13,160,1,0,0,0,Nebraska
7,259,KAN,Nazeeh Johnson,S,24,2024,0,0,0,3,3,27,0,0,0,0,0,0,0,0,0,0,0,38,0,1,Marshall
7,260,LAC,Zander Horvath,RB,23,2022,0,0,0,0,0,15,0,0,0,0,0,4,8,0,5,8,2,1,0,0,Purdue
7,261,LAR,AJ Arcuri,OT,25,2024,0,0,0,1,1,10,0,0,0,0,0,0,0,0,0,0,0,0,0,0,Michigan St.
7,262,SFO,Brock Purdy,QB,22,2024,0,1,2,36,36,40,722,1069,9518,64,27,127,480,8,0,0,0,0,0,0,Iowa St.
